John Doe,100,Chicago IL
Patel Harsh,101,New York NY
John Doe,100,Chicago IL
Patel Harsh,101,New York NY
John Doe,100,Chicago IL
Patel Harsh,101,New York NY
John Doe,100,Chicago IL
Patel Harsh,101,New York NY
John Doe,100,Chicago IL
Patel Harsh,101,New York NY
John Doe,100,Chicago IL
Patel Harsh,101,New York NY
John Doe,100,Chicago IL
Patel Harsh,101,New York NY
John Doe,100,Chicago IL
Patel Harsh,101,New York NY
John Doe,100,Chicago IL
Patel Harsh,101,New York NY
John Doe,100,Chicago IL
Patel Harsh,101,New York NY
John Doe,100,Chicago IL
Patel Harsh,101,New York NY

